27483	Etiquetas de fila	1		
27211	35	1		22713
4134	51	1		12093
4382	53	1		4431
4082	55	1		4127
4127	79	0		28311
	116	0		22495
26346	135	1		22764
28405	136	1		4226
22713	155	0		18901
12093	159	0		3878
4134	161	1		28425
4382	162	1		7505
4382	164	1		28328
4431	167	0		1059
4267	169	1		5514
16264-4152	170	0		
4226	178	0		
23999	194	1		
28403	224	1		
18901	262	0		
26218	276	0		
28405	287	1		
22303	290	1		
21511	303	1		
22680	304	1		
4267	327	1		
4267	330	1		
21511	342	1		
4382	358	1		
18901	359	0		
28405	380	1		
4453	398	1		
28311	412	0		
28405	437	1		
	2465			
	2467			
	2468			
	2473			
	2475			
	2477			
	2479			
	2481			
	2482			
	2483			
	2486			
	2491			
	2496			
	2500			
	2501			
	2502			
	2506			
	2508			
	2509			
	2510			
	2512			
	2514			
	2518			
	2519			
	2522			
	2523			
	2525			
	2534			
	2536			
	2538			
	2541			
	2542			
	2544			
	2545			
	2547			
	2551			
	2554			
	2557			
	2561			
	2564			
	2567			
	2575			
	2576			
	2581			
	2585			
	2588			
	2590			
	2600			
	2601			
	2607			
	2609			
	2611			
	2613			
	2614			
	2616			
	2625			
	2634			
	2637			
	2641			
	2644			
	2647			
	2658			
	2660			
	2661			
	2663			
	2667			
	2671			
	2674			
	2677			
	2680			
	2682			
	2683			
	2684			
	2688			
	2690			
	2698			
	2701			
	2702			
	2704			
	2708			
	2711			
	2713			
	2719			
	2724			
	2727			
	2728			
	2731			
	2734			
	2735			
	2736			
	2739			
	2743			
	2753			
	2757			
	2760			
	2766			
	2770			
	2771			
	2773			
	2774			
	2776			
	2781			
	2782			
	2783			
	2786			
	2789			
	2794			
	2798			
	2801			
	2806			
	2808			
	2809			
	2811			
	2813			
	2814			
	2816			
	2817			
	2820			
	2821			
	2822			
	2828			
	2829			
	2830			
	2833			
	2834			
	2835			
	2837			
	2841			
	2844			
	2856			
	2857			
	2858			
	2860			
	2863			
	2867			
	2868			
	2872			
	2874			
	2879			
	2884			
	2887			
	2889			
	2890			
	2893			
	2903			
	2904			
	2905			
	2906			
	2907			
	2908			
	2909			
	2917			
	2919			
	2924			
	2927			
	2928			
	2930			
	2933			
	2934			
	2935			
	2937			
	2938			
	2939			
	2946			
	2947			
	2948			
	2950			
	2951			
	2952			
	2954			
	2962			
	2963			
	2964			
	2965			
	2967			
	2969			
	2972			
	2974			
	2976			
	2977			
	2978			
	2979			
	2982			
	2984			
	2985			
	2988			
	2992			
	2993			
	2994			
	3001			
	3006			
	3008			
	3012			
	3013			
	3015			
	3016			
	3017			
	3020			
	3022			
	3023			
	3024			
	3027			
	3029			
	3033			
	3038			
	3044			
	3045			
	3046			
	3050			
	3051			
	3055			
	3056			
	3057			
	3059			
	3063			
	3065			
	3067			
	3074			
	3082			
	3099			
	3100			
	3113			
	3120			
	3132			
	3136			
	3137			
	3144			
	3150			
	3174			
	3193			
	3205			
	3209			
	3215			
	3225			
	3228			
	3237			
	3239			
	3247			
	3251			
	3256			
	3263			
	3274			
	3282			
	3284			
	3286			
	3287			
	3308			
	3309			
	3335			
	3337			
	3341			
	3345			
	3349			
	3376			
	3383			
	3387			
	3390			
	3413			
	3414			
	3420			
	3425			
	3427			
	3431			
	3450			
	3462			
	3464			
	3466			
	3476			
	3496			
	3505			
	3508			
	3520			
	3523			
	3525			
	3528			
	3529			
	3537			
	3548			
	3551			
	3563			
	3579			
	3584			
	3586			
	3598			
	3607			
	3608			
	3638			
	3645			
	3649			
	3651			
	3670			
	3674			
	3693			
	3697			
	3702			
	3707			
	3710			
	3711			
	3713			
	3723			
	3751			
	3755			
	3757			
	3761			
	3764			
	3767			
	3769			
	3778			
	3784			
	3792			
	3804			
	3823			
	3828			
	3836			
	3839			
	3841			
	3843			
	3847			
	3851			
	3854			
	3858			
	3864			
	3885			
	3892			
	3896			
	3908			
	3929			
	3931			
	3943			
	3957			
	3974			
	4046			
	4055			
	4082			
	4090			
	4092			
	4099			
	4134			
	4151			
	4153			
	4159			
	4193			
	4194			
	4197			
	4198			
	4220			
	4229			
	4231			
	4234			
	4244			
	4267			
	4268			
	4286			
	4317			
	4322			
	4357			
	4362			
	4367			
	4376			
	4382			
	4384			
	4387			
	4403			
	4411			
	4430			
	4436			
	4439			
	4442			
	4453			
	4455			
	4459			
	4460			
	4470			
	4490			
	4492			
	4497			
	4501			
	4503			
	4507			
	4511			
	4514			
	4515			
	4516			
	4525			
	4530			
	4539			
	4542			
	4544			
	4553			
	4565			
	4572			
	4602			
	4608			
	4622			
	4628			
	4635			
	4637			
	4678			
	4679			
	4682			
	4686			
	4689			
	4694			
	4697			
	4707			
	4720			
	4721			
	4722			
	4733			
	4739			
	4742			
	4747			
	4753			
	4756			
	4760			
	4766			
	4768			
	4769			
	4770			
	4775			
	4776			
	4791			
	4795			
	4796			
	4797			
	4800			
	4804			
	4807			
	4808			
	4810			
	4822			
	4826			
	4832			
	4842			
	4848			
	4850			
	4852			
	4856			
	4857			
	4858			
	4860			
	4867			
	4883			
	4891			
	4894			
	4902			
	4906			
	4909			
	4925			
	4931			
	4934			
	4935			
	4942			
	4943			
	4957			
	4958			
	4963			
	4964			
	4974			
	4993			
	4995			
	5007			
	5020			
	5034			
	5048			
	5063			
	5075			
	5078			
	5083			
	5087			
	5096			
	5113			
	5122			
	5129			
	5134			
	5139			
	5142			
	5147			
	5149			
	5150			
	5155			
	5165			
	5166			
	5167			
	5173			
	5174			
	5175			
	5178			
	5180			
	5184			
	5187			
	5191			
	5192			
	5195			
	5210			
	5212			
	5213			
	5214			
	5216			
	5223			
	5226			
	5232			
	5239			
	5244			
	5245			
	5253			
	5266			
	5270			
	5271			
	5272			
	5289			
	5292			
	5298			
	5305			
	5312			
	5314			
	5318			
	5321			
	5326			
	5329			
	5330			
	5333			
	5335			
	5345			
	5349			
	5353			
	5368			
	5370			
	5378			
	5379			
	5386			
	5393			
	5396			
	5400			
	5415			
	5418			
	5422			
	5435			
	5440			
	5442			
	5449			
	5450			
	5451			
	5456			
	5457			
	5458			
	5462			
	5471			
	5477			
	5479			
	5486			
	5500			
	5510			
	5513			
	5516			
	5519			
	5524			
	5530			
	5536			
	5540			
	5542			
	5547			
	5550			
	5565			
	5571			
	5587			
	5592			
	5598			
	5608			
	5610			
	5629			
	5678			
	5681			
	5683			
	5706			
	5707			
	5719			
	5731			
	5740			
	5761			
	5777			
	5793			
	5796			
	5800			
	5831			
	5832			
	5840			
	5856			
	5891			
	5908			
	5941			
	5945			
	5961			
	5968			
	5969			
	5976			
	6001			
	6008			
	6026			
	6028			
	6029			
	6053			
	6061			
	6067			
	6082			
	6092			
	6106			
	6138			
	6178			
	6212			
	6221			
	6224			
	6229			
	6237			
	6242			
	6255			
	6271			
	6286			
	6289			
	6303			
	6341			
	6343			
	6351			
	6355			
	6356			
	6359			
	6367			
	6369			
	6371			
	6387			
	6394			
	6398			
	6406			
	6417			
	6428			
	6431			
	6437			
	6461			
	6475			
	6476			
	6486			
	6497			
	6507			
	6509			
	6532			
	6536			
	6566			
	6575			
	6597			
	6604			
	6620			
	6656			
	6682			
	6694			
	6713			
	6718			
	6743			
	6749			
	6762			
	6774			
	6775			
	6795			
	6808			
	6813			
	6825			
	6836			
	6842			
	6864			
	6919			
	6920			
	6947			
	6990			
	6995			
	7001			
	7039			
	7040			
	7052			
	7062			
	7073			
	7100			
	7107			
	7124			
	7133			
	7139			
	7142			
	7153			
	7161			
	7166			
	7167			
	7168			
	7175			
	7210			
	7216			
	7225			
	7234			
	7239			
	7240			
	7241			
	7244			
	7258			
	7272			
	7274			
	7283			
	7285			
	7288			
	7293			
	7302			
	7303			
	7306			
	7307			
	7311			
	7320			
	7323			
	7324			
	7331			
	7332			
	7335			
	7342			
	7344			
	7374			
	7375			
	7376			
	7378			
	7387			
	7395			
	7422			
	7432			
	7434			
	7448			
	7449			
	7453			
	7456			
	7490			
	7495			
	7497			
	7512			
	7518			
	7529			
	7530			
	7542			
	7545			
	7551			
	7559			
	7570			
	7576			
	7581			
	7584			
	7586			
	7589			
	7591			
	7599			
	7601			
	7607			
	7610			
	7619			
	7620			
	7632			
	7635			
	7638			
	7639			
	7640			
	7667			
	7679			
	7684			
	7702			
	7708			
	7712			
	7713			
	7721			
	7726			
	7728			
	7729			
	7736			
	7742			
	7752			
	7770			
	7775			
	7791			
	7829			
	7831			
	7839			
	7840			
	7842			
	7849			
	7851			
	7858			
	7875			
	7884			
	7889			
	7895			
	7899			
	7906			
	7908			
	7911			
	7917			
	7918			
	7921			
	7923			
	7925			
	7929			
	7945			
	7946			
	7956			
	7962			
	7963			
	7985			
	8000			
	8005			
	8014			
	8046			
	8050			
	8058			
	8069			
	8075			
	8079			
	8081			
	8083			
	8086			
	8096			
	8111			
	8114			
	8115			
	8116			
	8129			
	8130			
	8135			
	8137			
	8138			
	8151			
	8154			
	8158			
	8164			
	8170			
	8173			
	8179			
	8187			
	8198			
	8209			
	8216			
	8225			
	8230			
	8232			
	8234			
	8238			
	8239			
	8241			
	8269			
	8338			
	8367			
	8406			
	8435			
	8457			
	8527			
	8533			
	8536			
	8547			
	8549			
	8552			
	8554			
	8561			
	8564			
	8568			
	8569			
	8570			
	8577			
	8578			
	8580			
	8586			
	8591			
	8593			
	8596			
	8599			
	8603			
	8640			
	8641			
	8643			
	8651			
	8655			
	8657			
	8671			
	8675			
	8685			
	8686			
	8697			
	8704			
	8706			
	8708			
	8713			
	8743			
	8761			
	8782			
	8794			
	8801			
	8805			
	8813			
	8825			
	8828			
	8836			
	8838			
	8842			
	8844			
	8848			
	8853			
	8855			
	8879			
	8880			
	8884			
	8888			
	8891			
	8897			
	8908			
	8910			
	8916			
	8921			
	8925			
	8927			
	8935			
	8936			
	8938			
	8945			
	8950			
	8964			
	8966			
	8992			
	8993			
	8998			
	9007			
	9021			
	9040			
	9045			
	9058			
	9061			
	9070			
	9081			
	9083			
	9098			
	9111			
	9116			
	9125			
	9129			
	9130			
	9132			
	9178			
	9181			
	9183			
	9192			
	9199			
	9217			
	9234			
	9245			
	9246			
	9262			
	9263			
	9267			
	9277			
	9283			
	9287			
	9314			
	9319			
	9330			
	9339			
	9363			
	9375			
	9376			
	9381			
	9382			
	9390			
	9392			
	9398			
	9400			
	9401			
	9407			
	9423			
	9427			
	9445			
	9448			
	9504			
	9516			
	9528			
	9544			
	9547			
	9551			
	9555			
	9559			
	9562			
	9568			
	9570			
	9587			
	9629			
	9643			
	9653			
	9655			
	9659			
	9669			
	9670			
	9679			
	9681			
	9687			
	9698			
	9704			
	9726			
	9728			
	9730			
	9734			
	9738			
	9743			
	9748			
	9751			
	9757			
	9769			
	9781			
	9788			
	9791			
	9792			
	9793			
	9794			
	9800			
	9801			
	9802			
	9818			
	9831			
	9839			
	9840			
	9848			
	9850			
	9851			
	9855			
	9856			
	9857			
	9874			
	9880			
	9883			
	9884			
	9887			
	9888			
	9890			
	9891			
	9898			
	9903			
	9909			
	9926			
	9936			
	9944			
	9958			
	9961			
	9967			
	9974			
	9985			
	9988			
	9990			
	9992			
	9999			
	10013			
	10020			
	10031			
	10032			
	10034			
	10039			
	10044			
	10048			
	10054			
	10057			
	10060			
	10061			
	10085			
	10091			
	10095			
	10097			
	10105			
	10108			
	10110			
	10134			
	10137			
	10142			
	10145			
	10146			
	10152			
	10159			
	10163			
	10167			
	10180			
	10183			
	10184			
	10185			
	10186			
	10188			
	10190			
	10191			
	10225			
	10243			
	10261			
	10264			
	10266			
	10269			
	10296			
	10298			
	10303			
	10310			
	10316			
	10328			
	10329			
	10332			
	10355			
	10357			
	10379			
	10404			
	10406			
	10407			
	10413			
	10433			
	10440			
	10452			
	10455			
	10461			
	10464			
	10467			
	10472			
	10476			
	10480			
	10488			
	10491			
	10495			
	10497			
	10498			
	10504			
	10506			
	10516			
	10521			
	10524			
	10590			
	10592			
	10598			
	10600			
	10606			
	10611			
	10635			
	10639			
	10643			
	10645			
	10653			
	10655			
	10672			
	10674			
	10679			
	10681			
	10683			
	10684			
	10687			
	10691			
	10695			
	10699			
	10709			
	10723			
	10736			
	10737			
	10741			
	10749			
	10759			
	10780			
	10786			
	10790			
	10807			
	10823			
	10824			
	10831			
	10834			
	10838			
	10840			
	10844			
	10852			
	10854			
	10855			
	10858			
	10870			
	10878			
	10884			
	10903			
	10906			
	10907			
	10908			
	10910			
	10911			
	10919			
	10923			
	10929			
	10934			
	10938			
	10939			
	10941			
	10946			
	10964			
	10965			
	10969			
	10973			
	10979			
	10989			
	10991			
	10993			
	11001			
	11015			
	11016			
	11019			
	11026			
	11037			
	11039			
	11045			
	11046			
	11047			
	11052			
	11054			
	11056			
	11061			
	11072			
	11079			
	11092			
	11094			
	11102			
	11106			
	11109			
	11111			
	11138			
	11145			
	11148			
	11149			
	11153			
	11167			
	11170			
	11175			
	11180			
	11184			
	11186			
	11193			
	11196			
	11198			
	11201			
	11203			
	11205			
	11207			
	11209			
	11211			
	11214			
	11217			
	11220			
	11226			
	11232			
	11235			
	11237			
	11241			
	11250			
	11253			
	11256			
	11261			
	11264			
	11265			
	11266			
	11272			
	11276			
	11278			
	11284			
	11286			
	11288			
	11304			
	11306			
	11308			
	11309			
	11324			
	11325			
	11326			
	11331			
	11337			
	11340			
	11341			
	11345			
	11352			
	11365			
	11368			
	11370			
	11372			
	11377			
	11378			
	11393			
	11403			
	11404			
	11407			
	11409			
	11413			
	11417			
	11432			
	11444			
	11449			
	11452			
	11453			
	11463			
	11464			
	11471			
	11473			
	11474			
	11475			
	11478			
	11480			
	11487			
	11513			
	11514			
	11515			
	11518			
	11519			
	11520			
	11538			
	11541			
	11543			
	11548			
	11552			
	11556			
	11557			
	11560			
	11562			
	11570			
	11572			
	11573			
	11578			
	11581			
	11595			
	11596			
	11597			
	11598			
	11603			
	11604			
	11606			
	11610			
	11612			
	11622			
	11639			
	11640			
	11647			
	11648			
	11669			
	11688			
	11693			
	11694			
	11705			
	11706			
	11713			
	11715			
	11719			
	11726			
	11728			
	11736			
	11751			
	11754			
	11755			
	11759			
	11767			
	11769			
	11776			
	11779			
	11783			
	11784			
	11788			
	11789			
	11793			
	11802			
	11808			
	11817			
	11819			
	11821			
	11824			
	11829			
	11842			
	11846			
	11854			
	11856			
	11861			
	11862			
	11864			
	11904			
	11907			
	11908			
	11909			
	11912			
	11927			
	11933			
	11935			
	11941			
	11945			
	11965			
	11968			
	11976			
	11979			
	11983			
	11986			
	11989			
	11990			
	12012			
	12015			
	12021			
	12022			
	12025			
	12036			
	12046			
	12047			
	12052			
	12062			
	12077			
	12085			
	12089			
	12096			
	12101			
	12104			
	12105			
	12107			
	12124			
	12127			
	12128			
	12130			
	12133			
	12135			
	12136			
	12140			
	12147			
	12151			
	12157			
	12162			
	12165			
	12166			
	12170			
	12174			
	12183			
	12185			
	12186			
	12188			
	12189			
	12194			
	12197			
	12198			
	12208			
	12212			
	12219			
	12229			
	12235			
	12236			
	12239			
	12241			
	12254			
	12258			
	12261			
	12264			
	12268			
	12275			
	12296			
	12297			
	12298			
	12301			
	12304			
	12305			
	12308			
	12311			
	12312			
	12315			
	12316			
	12319			
	12320			
	12324			
	12326			
	12347			
	12353			
	12369			
	12376			
	12379			
	12399			
	12407			
	12418			
	12421			
	12425			
	12427			
	12430			
	12431			
	12434			
	12441			
	12449			
	12450			
	12451			
	12460			
	12467			
	12470			
	12471			
	12477			
	12479			
	12482			
	12483			
	12488			
	12494			
	12504			
	12507			
	12510			
	12512			
	12518			
	12531			
	12535			
	12539			
	12542			
	12546			
	12557			
	12585			
	12588			
	12596			
	12608			
	12609			
	12615			
	12622			
	12630			
	12633			
	12634			
	12638			
	12643			
	12655			
	12671			
	12673			
	12674			
	12675			
	12680			
	12700			
	12702			
	12723			
	12731			
	12738			
	12739			
	12742			
	12743			
	12744			
	12745			
	12746			
	12754			
	12787			
	12790			
	12792			
	12801			
	12803			
	12807			
	12810			
	12837			
	12840			
	12841			
	12848			
	12851			
	12852			
	12874			
	12892			
	12895			
	12900			
	12909			
	12921			
	12968			
	12969			
	12983			
	12985			
	12987			
	12988			
	13001			
	13005			
	13010			
	13013			
	13016			
	13017			
	13027			
	13032			
	13050			
	13066			
	13088			
	13097			
	13101			
	13113			
	13120			
	13130			
	13135			
	13146			
	13149			
	13151			
	13152			
	13162			
	13171			
	13176			
	13192			
	13195			
	13203			
	13207			
	13211			
	13214			
	13221			
	13224			
	13232			
	13236			
	13238			
	13242			
	13249			
	13253			
	13254			
	13264			
	13276			
	13284			
	13288			
	13307			
	13314			
	13318			
	13321			
	13332			
	13335			
	13346			
	13373			
	13401			
	13409			
	13414			
	13416			
	13428			
	13439			
	13447			
	13459			
	13460			
	13472			
	13481			
	13489			
	13494			
	13497			
	13503			
	13510			
	13516			
	13517			
	13519			
	13520			
	13521			
	13527			
	13532			
	13534			
	13544			
	13551			
	13554			
	13556			
	13576			
	13589			
	13590			
	13595			
	13600			
	13617			
	13636			
	13641			
	13649			
	13651			
	13655			
	13658			
	13671			
	13674			
	13681			
	13685			
	13700			
	13707			
	13708			
	13710			
	13713			
	13719			
	13722			
	13724			
	13726			
	13732			
	13744			
	13753			
	13760			
	13765			
	13775			
	13778			
	13789			
	13790			
	13794			
	13799			
	13807			
	13821			
	13825			
	13835			
	13849			
	13857			
	13860			
	13869			
	13870			
	13871			
	13874			
	13876			
	13885			
	13900			
	13903			
	13908			
	13927			
	13937			
	13943			
	13973			
	13974			
	13983			
	13985			
	14002			
	14032			
	14060			
	14067			
	14092			
	14098			
	14103			
	14104			
	14118			
	14120			
	14128			
	14132			
	14135			
	14138			
	14145			
	14150			
	14155			
	14163			
	14164			
	14166			
	14176			
	14193			
	14200			
	14201			
	14208			
	14213			
	14224			
	14230			
	14234			
	14236			
	14237			
	14246			
	14251			
	14260			
	14266			
	14269			
	14278			
	14279			
	14284			
	14285			
	14287			
	14288			
	14290			
	14292			
	14294			
	14302			
	14310			
	14314			
	14315			
	14326			
	14345			
	14346			
	14347			
	14348			
	14356			
	14361			
	14362			
	14365			
	14377			
	14411			
	14414			
	14415			
	14416			
	14421			
	14434			
	14438			
	14443			
	14449			
	14452			
	14459			
	14462			
	14470			
	14483			
	14489			
	14490			
	14498			
	14501			
	14514			
	14515			
	14522			
	14526			
	14529			
	14532			
	14535			
	14543			
	14546			
	14549			
	14557			
	14566			
	14573			
	14578			
	14581			
	14582			
	14587			
	14589			
	14593			
	14595			
	14599			
	14604			
	14607			
	14608			
	14613			
	14617			
	14623			
	14643			
	14646			
	14647			
	14649			
	14652			
	14664			
	14668			
	14669			
	14670			
	14674			
	14677			
	14682			
	14683			
	14701			
	14721			
	14732			
	14766			
	14772			
	14773			
	14807			
	14809			
	14829			
	14831			
	14833			
	14837			
	14842			
	14847			
	14848			
	14850			
	14852			
	14854			
	14860			
	14867			
	14869			
	14895			
	14896			
	14897			
	14914			
	14916			
	14919			
	14923			
	14926			
	14927			
	14946			
	14951			
	14955			
	14962			
	14963			
	14971			
	14973			
	14974			
	14976			
	14978			
	14987			
	14993			
	15001			
	15009			
	15010			
	15011			
	15015			
	15053			
	15057			
	15069			
	15071			
	15072			
	15076			
	15079			
	15082			
	15113			
	15147			
	15160			
	15175			
	15184			
	15187			
	15210			
	15219			
	15231			
	15238			
	15251			
	15252			
	15258			
	15259			
	15261			
	15266			
	15267			
	15275			
	15305			
	15340			
	15343			
	15346			
	15347			
	15351			
	15364			
	15366			
	15370			
	15371			
	15375			
	15376			
	15386			
	15388			
	15389			
	15391			
	15397			
	15400			
	15403			
	15407			
	15408			
	15426			
	15428			
	15432			
	15433			
	15434			
	15452			
	15454			
	15456			
	15458			
	15460			
	15467			
	15470			
	15488			
	15491			
	15504			
	15508			
	15516			
	15517			
	15520			
	15531			
	15537			
	15538			
	15557			
	15560			
	15561			
	15569			
	15570			
	15573			
	15581			
	15583			
	15600			
	15605			
	15606			
	15609			
	15611			
	15615			
	15633			
	15642			
	15648			
	15665			
	15677			
	15678			
	15686			
	15694			
	15697			
	15698			
	15703			
	15714			
	15723			
	15724			
	15731			
	15738			
	15749			
	15754			
	15760			
	15771			
	15772			
	15786			
	15788			
	15793			
	15797			
	15798			
	15810			
	15820			
	15843			
	15845			
	15846			
	15862			
	15888			
	15889			
	15916			
	15918			
	15928			
	15934			
	15941			
	15947			
	15967			
	15969			
	15971			
	15978			
	16007			
	16009			
	16015			
	16019			
	16020			
	16021			
	16040			
	16042			
	16044			
	16047			
	16050			
	16053			
	16054			
	16060			
	16062			
	16068			
	16070			
	16076			
	16093			
	16094			
	16097			
	16101			
	16106			
	16108			
	16118			
	16119			
	16120			
	16139			
	16151			
	16166			
	16173			
	16187			
	16197			
	16200			
	16207			
	16212			
	16215			
	16218			
	16220			
	16232			
	16243			
	16248			
	16255			
	16261			
	16266			
	16268			
	16287			
	16315			
	16328			
	16332			
	16340			
	16344			
	16345			
	16349			
	16360			
	16365			
	16368			
	16369			
	16376			
	16381			
	16386			
	16396			
	16403			
	16418			
	16421			
	16455			
	16458			
	16460			
	16467			
	16470			
	16486			
	16495			
	16504			
	16510			
	16516			
	16534			
	16539			
	16546			
	16567			
	16570			
	16574			
	16586			
	16587			
	16589			
	16590			
	16596			
	16600			
	16601			
	16616			
	16619			
	16620			
	16625			
	16629			
	16633			
	16637			
	16649			
	16674			
	16677			
	16678			
	16681			
	16684			
	16692			
	16698			
	16699			
	16714			
	16716			
	16718			
	16724			
	16732			
	16739			
	16779			
	16795			
	16799			
	16816			
	16820			
	16824			
	16833			
	16834			
	16840			
	16847			
	16850			
	16858			
	16859			
	16868			
	16871			
	16873			
	16876			
	16881			
	16882			
	16889			
	16891			
	16917			
	16936			
	16945			
	16946			
	16947			
	16966			
	16969			
	16994			
	16998			
	16999			
	17015			
	17020			
	17038			
	17043			
	17053			
	17054			
	17055			
	17057			
	17058			
	17061			
	17082			
	17102			
	17105			
	17107			
	17110			
	17117			
	17122			
	17124			
	17127			
	17128			
	17138			
	17153			
	17154			
	17164			
	17166			
	17178			
	17186			
	17198			
	17199			
	17213			
	17218			
	17225			
	17232			
	17233			
	17245			
	17262			
	17275			
	17288			
	17291			
	17306			
	17316			
	17320			
	17330			
	17337			
	17340			
	17341			
	17342			
	17349			
	17351			
	17356			
	17366			
	17374			
	17396			
	17414			
	17416			
	17439			
	17441			
	17442			
	17443			
	17444			
	17456			
	17457			
	17458			
	17463			
	17464			
	17476			
	17490			
	17506			
	17507			
	17511			
	17512			
	17513			
	17514			
	17516			
	17518			
	17522			
	17524			
	17528			
	17530			
	17531			
	17532			
	17537			
	17543			
	17550			
	17561			
	17570			
	17585			
	17601			
	17602			
	17616			
	17636			
	17639			
	17649			
	17653			
	17655			
	17656			
	17664			
	17665			
	17669			
	17671			
	17672			
	17678			
	17683			
	17693			
	17705			
	17706			
	17708			
	17726			
	17733			
	17739			
	17748			
	17751			
	17774			
	17783			
	17784			
	17786			
	17810			
	17816			
	17817			
	17833			
	17834			
	17852			
	17866			
	17868			
	17875			
	17879			
	17882			
	17891			
	17910			
	17916			
	17920			
	17937			
	17952			
	17966			
	18025			
	18039			
	18088			
	18092			
	18097			
	18098			
	18104			
	18108			
	18112			
	18117			
	18118			
	18125			
	18131			
	18137			
	18151			
	18152			
	18153			
	18154			
	18155			
	18156			
	18157			
	18158			
	18159			
	18161			
	18162			
	18163			
	18165			
	18166			
	18167			
	18168			
	18169			
	18170			
	18171			
	18172			
	18173			
	18177			
	18179			
	18180			
	18185			
	18200			
	18201			
	18208			
	18209			
	18216			
	18221			
	18222			
	18227			
	18232			
	18248			
	18251			
	18252			
	18253			
	18280			
	18282			
	18338			
	18355			
	18366			
	18372			
	18374			
	18375			
	18391			
	18394			
	18397			
	18403			
	18413			
	18418			
	18433			
	18437			
	18438			
	18443			
	18445			
	18452			
	18453			
	18454			
	18455			
	18460			
	18467			
	18470			
	18472			
	18478			
	18481			
	18482			
	18487			
	18494			
	18501			
	18520			
	18521			
	18527			
	18532			
	18533			
	18535			
	18536			
	18538			
	18543			
	18544			
	18546			
	18548			
	18549			
	18553			
	18555			
	18556			
	18560			
	18561			
	18570			
	18578			
	18580			
	18582			
	18587			
	18606			
	18615			
	18617			
	18631			
	18636			
	18637			
	18638			
	18639			
	18645			
	18647			
	18648			
	18649			
	18650			
	18651			
	18652			
	18653			
	18654			
	18655			
	18656			
	18657			
	18658			
	18659			
	18660			
	18661			
	18662			
	18663			
	18669			
	18679			
	18685			
	18688			
	18695			
	18697			
	18700			
	18701			
	18709			
	18711			
	18712			
	18713			
	18715			
	18717			
	18719			
	18720			
	18722			
	18723			
	18724			
	18742			
	18743			
	18745			
	18754			
	18770			
	18799			
	18801			
	18806			
	18821			
	18822			
	18824			
	18826			
	18846			
	18852			
	18858			
	18860			
	18861			
	18862			
	18872			
	18883			
	18891			
	18899			
	18900			
	18903			
	18904			
	18906			
	18907			
	18908			
	18909			
	18917			
	18918			
	18919			
	18923			
	18924			
	18926			
	18927			
	18928			
	18930			
	18933			
	18934			
	18944			
	18947			
	18950			
	18952			
	18954			
	18955			
	18956			
	18959			
	18966			
	18968			
	18972			
	18975			
	18978			
	18979			
	18981			
	18983			
	18987			
	18988			
	18997			
	18999			
	19003			
	19004			
	19010			
	19021			
	19030			
	19034			
	19037			
	19038			
	19039			
	19045			
	19047			
	19057			
	19058			
	19060			
	19064			
	19071			
	19073			
	19075			
	19077			
	19079			
	19082			
	19085			
	19087			
	19088			
	19095			
	19096			
	19109			
	19110			
	19118			
	19120			
	19125			
	19132			
	19135			
	19142			
	19145			
	19146			
	19149			
	19152			
	19155			
	19156			
	19157			
	19158			
	19159			
	19162			
	19169			
	19178			
	19190			
	19193			
	19197			
	19198			
	19206			
	19225			
	19226			
	19232			
	19234			
	19246			
	19247			
	19248			
	19250			
	19252			
	19254			
	19258			
	19261			
	19265			
	19271			
	19273			
	19281			
	19287			
	19292			
	19300			
	19302			
	19326			
	19329			
	19333			
	19337			
	19352			
	19361			
	19378			
	19383			
	19398			
	19407			
	19409			
	19428			
	19429			
	19437			
	19445			
	19463			
	19472			
	19478			
	19480			
	19481			
	19488			
	19506			
	19516			
	19518			
	19533			
	19544			
	19551			
	19552			
	19557			
	19560			
	19572			
	19577			
	19579			
	19588			
	19594			
	19596			
	19599			
	19606			
	19624			
	19631			
	19634			
	19646			
	19651			
	19665			
	19675			
	19679			
	19681			
	19683			
	19685			
	19695			
	19706			
	19712			
	19714			
	19733			
	19735			
	19738			
	19752			
	19765			
	19776			
	19789			
	19804			
	19818			
	19821			
	19827			
	19831			
	19833			
	19847			
	19849			
	19857			
	19861			
	19863			
	19869			
	19887			
	19895			
	19957			
	20066			
	20082			
	20092			
	20095			
	20097			
	20098			
	20119			
	20126			
	20184			
	20187			
	20228			
	20231			
	20253			
	20254			
	20256			
	20264			
	20268			
	20298			
	20348			
	20360			
	20363			
	20365			
	20371			
	20381			
	20439			
	20452			
	20494			
	20507			
	20518			
	20554			
	20562			
	20575			
	20587			
	20608			
	20671			
	20674			
	20677			
	20678			
	20693			
	20723			
	20727			
	20728			
	20734			
	20739			
	20740			
	20785			
	20789			
	20853			
	20856			
	20861			
	20862			
	20866			
	20867			
	20868			
	20869			
	20881			
	20883			
	20884			
	20887			
	20888			
	20890			
	20891			
	20893			
	20895			
	20897			
	20900			
	20901			
	20903			
	20907			
	20908			
	20909			
	20914			
	20915			
	20916			
	20917			
	20921			
	20927			
	20928			
	20930			
	20931			
	20932			
	20938			
	20941			
	20942			
	20945			
	20946			
	20947			
	20950			
	20952			
	20953			
	20955			
	20961			
	20965			
	20968			
	20969			
	20970			
	20983			
	20985			
	20986			
	20989			
	20990			
	20992			
	20997			
	21009			
	21011			
	21012			
	21015			
	21017			
	21018			
	21023			
	21025			
	21035			
	21040			
	21041			
	21052			
	21053			
	21054			
	21056			
	21058			
	21068			
	21072			
	21076			
	21078			
	21079			
	21080			
	21081			
	21084			
	21085			
	21086			
	21089			
	21092			
	21093			
	21095			
	21098			
	21099			
	21100			
	21102			
	21103			
	21109			
	21111			
	21112			
	21113			
	21124			
	21130			
	21137			
	21141			
	21150			
	21160			
	21161			
	21166			
	21170			
	21175			
	21179			
	21186			
	21191			
	21193			
	21195			
	21196			
	21198			
	21214			
	21215			
	21217			
	21218			
	21220			
	21226			
	21228			
	21229			
	21231			
	21239			
	21240			
	21244			
	21247			
	21248			
	21263			
	21265			
	21267			
	21274			
	21285			
	21290			
	21293			
	21300			
	21302			
	21303			
	21304			
	21305			
	21306			
	21307			
	21308			
	21309			
	21310			
	21311			
	21313			
	21314			
	21315			
	21317			
	21318			
	21319			
	21320			
	21321			
	21322			
	21324			
	21325			
	21330			
	21335			
	21336			
	21342			
	21347			
	21348			
	21352			
	21357			
	21363			
	21364			
	21367			
	21369			
	21371			
	21372			
	21373			
	21374			
	21376			
	21377			
	21378			
	21379			
	21380			
	21381			
	21383			
	21385			
	21386			
	21388			
	21392			
	21393			
	21397			
	21401			
	21402			
	21403			
	21406			
	21408			
	21410			
	21413			
	21418			
	21419			
	21428			
	21429			
	21430			
	21431			
	21437			
	21446			
	21462			
	21463			
	21468			
	21472			
	21482			
	21511			
	21513			
	21519			
	21524			
	21529			
	21533			
	21546			
	21551			
	21557			
	21564			
	21566			
	21585			
	21592			
	21593			
	21596			
	21597			
	21598			
	21602			
	21605			
	21607			
	21608			
	21609			
	21619			
	21620			
	21623			
	21628			
	21629			
	21633			
	21634			
	21638			
	21639			
	21640			
	21641			
	21651			
	21654			
	21655			
	21662			
	21671			
	21673			
	21684			
	21689			
	21691			
	21693			
	21694			
	21695			
	21701			
	21709			
	21715			
	21716			
	21717			
	21720			
	21725			
	21729			
	21736			
	21753			
	21756			
	21774			
	21776			
	21779			
	21781			
	21803			
	21806			
	21808			
	21809			
	21812			
	21813			
	21814			
	21819			
	21821			
	21829			
	21832			
	21833			
	21838			
	21839			
	21846			
	21847			
	21857			
	21877			
	21880			
	21881			
	21885			
	21914			
	21930			
	21943			
	21944			
	21945			
	21947			
	21951			
	21952			
	21954			
	21955			
	21960			
	21961			
	21962			
	21963			
	21964			
	21965			
	21968			
	21969			
	21972			
	21973			
	21974			
	21979			
	21980			
	21981			
	21982			
	21984			
	21985			
	21986			
	21989			
	21991			
	21993			
	21996			
	22001			
	22002			
	22008			
	22010			
	22011			
	22013			
	22016			
	22017			
	22019			
	22020			
	22021			
	22023			
	22025			
	22026			
	22029			
	22030			
	22031			
	22033			
	22034			
	22035			
	22040			
	22042			
	22043			
	22044			
	22047			
	22048			
	22052			
	22054			
	22058			
	22059			
	22060			
	22061			
	22065			
	22067			
	22068			
	22069			
	22071			
	22084			
	22085			
	22088			
	22089			
	22095			
	22096			
	22098			
	22107			
	22111			
	22123			
	22124			
	22125			
	22131			
	22138			
	22147			
	22148			
	22150			
	22151			
	22159			
	22160			
	22161			
	22163			
	22164			
	22168			
	22174			
	22179			
	22186			
	22188			
	22200			
	22212			
	22223			
	22226			
	22233			
	22236			
	22237			
	22238			
	22240			
	22241			
	22245			
	22246			
	22247			
	22248			
	22250			
	22251			
	22252			
	22253			
	22256			
	22259			
	22263			
	22266			
	22267			
	22270			
	22274			
	22275			
	22277			
	22278			
	22282			
	22285			
	22286			
	22298			
	22299			
	22300			
	22303			
	22304			
	22306			
	22309			
	22312			
	22316			
	22319			
	22320			
	22323			
	22324			
	22326			
	22327			
	22328			
	22332			
	22333			
	22343			
	22346			
	22348			
	22351			
	22356			
	22357			
	22359			
	22361			
	22364			
	22365			
	22370			
	22371			
	22373			
	22374			
	22376			
	22379			
	22386			
	22388			
	22395			
	22400			
	22407			
	22409			
	22412			
	22418			
	22419			
	22421			
	22422			
	22425			
	22429			
	22430			
	22431			
	22432			
	22433			
	22434			
	22435			
	22439			
	22440			
	22444			
	22446			
	22448			
	22449			
	22450			
	22451			
	22452			
	22455			
	22457			
	22461			
	22462			
	22464			
	22467			
	22474			
	22480			
	22481			
	22482			
	22483			
	22485			
	22486			
	22489			
	22491			
	22493			
	22496			
	22501			
	22502			
	22513			
	22514			
	22516			
	22524			
	22525			
	22526			
	22529			
	22545			
	22549			
	22550			
	22552			
	22553			
	22554			
	22557			
	22559			
	22568			
	22576			
	22580			
	22582			
	22587			
	22595			
	22607			
	22610			
	22612			
	22615			
	22624			
	22632			
	22634			
	22635			
	22636			
	22637			
	22638			
	22639			
	22640			
	22641			
	22648			
	22651			
	22654			
	22660			
	22663			
	22670			
	22672			
	22673			
	22679			
	22680			
	22687			
	22690			
	22695			
	22699			
	22701			
	22702			
	22704			
	22706			
	22707			
	22708			
	22710			
	22711			
	22716			
	22717			
	22719			
	22724			
	22731			
	22735			
	22740			
	22741			
	22744			
	22746			
	22747			
	22748			
	22752			
	22758			
	22760			
	22762			
	22772			
	22778			
	22779			
	22782			
	22785			
	22786			
	22787			
	22790			
	22798			
	22802			
	22815			
	22817			
	22820			
	22821			
	22822			
	22833			
	22837			
	22851			
	22858			
	22859			
	22864			
	22868			
	22871			
	22872			
	22895			
	22897			
	22900			
	22901			
	22909			
	22916			
	22920			
	22921			
	22931			
	22932			
	22937			
	22938			
	22939			
	22952			
	22962			
	22968			
	22970			
	22972			
	22973			
	22974			
	22975			
	22977			
	22984			
	22986			
	22990			
	22991			
	22992			
	23000			
	23006			
	23012			
	23014			
	23015			
	23018			
	23023			
	23026			
	23027			
	23029			
	23034			
	23044			
	23050			
	23052			
	23061			
	23067			
	23070			
	23071			
	23078			
	23080			
	23089			
	23091			
	23092			
	23093			
	23096			
	23097			
	23099			
	23104			
	23108			
	23119			
	23123			
	23124			
	23125			
	23126			
	23127			
	23128			
	23129			
	23136			
	23141			
	23143			
	23145			
	23146			
	23147			
	23150			
	23151			
	23152			
	23154			
	23155			
	23157			
	23158			
	23161			
	23163			
	23165			
	23166			
	23167			
	23169			
	23170			
	23173			
	23174			
	23175			
	23176			
	23178			
	23187			
	23194			
	23195			
	23201			
	23211			
	23212			
	23214			
	23221			
	23227			
	23241			
	23246			
	23247			
	23249			
	23252			
	23263			
	23267			
	23268			
	23269			
	23272			
	23276			
	23277			
	23279			
	23289			
	23295			
	23305			
	23308			
	23318			
	23321			
	23322			
	23326			
	23329			
	23331			
	23333			
	23336			
	23343			
	23345			
	23348			
	23352			
	23359			
	23365			
	23369			
	23381			
	23384			
	23395			
	23401			
	23403			
	23409			
	23412			
	23416			
	23418			
	23422			
	23431			
	23435			
	23441			
	23442			
	23445			
	23468			
	23476			
	23478			
	23479			
	23484			
	23490			
	23492			
	23493			
	23496			
	23499			
	23508			
	23511			
	23512			
	23521			
	23528			
	23529			
	23539			
	23548			
	23555			
	23556			
	23563			
	23565			
	23577			
	23582			
	23584			
	23587			
	23588			
	23589			
	23592			
	23595			
	23598			
	23605			
	23610			
	23613			
	23619			
	23625			
	23638			
	23641			
	23644			
	23647			
	23648			
	23676			
	23684			
	23686			
	23687			
	23689			
	23697			
	23698			
	23699			
	23700			
	23705			
	23706			
	23711			
	23712			
	23715			
	23717			
	23718			
	23719			
	23720			
	23726			
	23728			
	23732			
	23735			
	23736			
	23740			
	23748			
	23749			
	23751			
	23752			
	23754			
	23755			
	23757			
	23758			
	23765			
	23767			
	23774			
	23775			
	23778			
	23779			
	23784			
	23785			
	23786			
	23787			
	23789			
	23794			
	23798			
	23801			
	23808			
	23811			
	23814			
	23815			
	23816			
	23817			
	23818			
	23819			
	23822			
	23824			
	23825			
	23826			
	23827			
	23828			
	23829			
	23830			
	23831			
	23832			
	23833			
	23834			
	23835			
	23838			
	23839			
	23840			
	23841			
	23842			
	23843			
	23844			
	23845			
	23847			
	23849			
	23851			
	23854			
	23855			
	23857			
	23859			
	23865			
	23871			
	23872			
	23873			
	23875			
	23876			
	23877			
	23880			
	23881			
	23882			
	23884			
	23890			
	23891			
	23892			
	23893			
	23896			
	23897			
	23898			
	23900			
	23902			
	23903			
	23904			
	23905			
	23906			
	23912			
	23914			
	23917			
	23918			
	23920			
	23921			
	23922			
	23923			
	23924			
	23928			
	23932			
	23933			
	23934			
	23935			
	23936			
	23937			
	23939			
	23940			
	23941			
	23942			
	23945			
	23947			
	23948			
	23952			
	23957			
	23963			
	23964			
	23973			
	23974			
	23975			
	23976			
	23978			
	23979			
	23981			
	23982			
	23983			
	23984			
	23985			
	23988			
	23990			
	23991			
	23992			
	23996			
	23997			
	23999			
	24000			
	24001			
	24002			
	24008			
	24013			
	24015			
	24016			
	24018			
	24020			
	24022			
	24034			
	24035			
	24038			
	24041			
	24042			
	24049			
	24052			
	24054			
	24056			
	24060			
	24065			
	24066			
	24068			
	24069			
	24071			
	24072			
	24077			
	24080			
	24082			
	24083			
	24085			
	24089			
	24091			
	24092			
	24093			
	24096			
	24097			
	24099			
	24100			
	24101			
	24103			
	24109			
	24110			
	24111			
	24113			
	24115			
	24117			
	24118			
	24120			
	24121			
	24124			
	24125			
	24126			
	24139			
	24142			
	24149			
	24151			
	24155			
	24156			
	24158			
	24161			
	24168			
	24171			
	24188			
	24189			
	24191			
	24192			
	24193			
	24195			
	24205			
	24208			
	24225			
	24228			
	24229			
	24230			
	24246			
	24253			
	24257			
	24258			
	24259			
	24263			
	24267			
	24268			
	24281			
	24282			
	24283			
	24286			
	24290			
	24291			
	24292			
	24293			
	24294			
	24295			
	24298			
	24300			
	24308			
	24315			
	24316			
	24319			
	24323			
	24329			
	24356			
	24372			
	24373			
	24374			
	24375			
	24376			
	24379			
	24380			
	24381			
	24383			
	24385			
	24386			
	24387			
	24388			
	24400			
	24423			
	24472			
	24477			
	24478			
	24479			
	24511			
	24513			
	24516			
	24520			
	24521			
	24522			
	24533			
	24535			
	24539			
	24540			
	24541			
	24542			
	24543			
	24544			
	24548			
	24549			
	24550			
	24552			
	24553			
	24554			
	24557			
	24584			
	24586			
	24587			
	24591			
	24595			
	24596			
	24597			
	24599			
	24600			
	24601			
	24604			
	24605			
	24609			
	24610			
	24613			
	24619			
	24621			
	24622			
	24623			
	24630			
	24631			
	24635			
	24636			
	24637			
	24638			
	24639			
	24641			
	24642			
	24643			
	24647			
	24652			
	24653			
	24657			
	24658			
	24660			
	24661			
	24662			
	24664			
	24667			
	24668			
	24669			
	24670			
	24671			
	24674			
	24675			
	24676			
	24677			
	24678			
	24679			
	24681			
	24682			
	24683			
	24684			
	24686			
	24687			
	24689			
	24690			
	24692			
	24694			
	24696			
	24697			
	24704			
	24712			
	24713			
	24714			
	24715			
	24716			
	24717			
	24718			
	24720			
	24721			
	24722			
	24726			
	24727			
	24730			
	24732			
	24734			
	24736			
	24737			
	24740			
	24741			
	24744			
	24745			
	24746			
	24747			
	24748			
	24749			
	24750			
	24751			
	24753			
	24756			
	24758			
	24760			
	24769			
	24772			
	24775			
	24776			
	24777			
	24779			
	24780			
	24781			
	24782			
	24784			
	24785			
	24788			
	24799			
	24801			
	24804			
	24805			
	24806			
	24809			
	24810			
	24811			
	24812			
	24816			
	24818			
	24822			
	24829			
	24830			
	24832			
	24834			
	24837			
	24839			
	24842			
	24846			
	24850			
	24852			
	24854			
	24859			
	24861			
	24862			
	24877			
	24878			
	24879			
	24882			
	24883			
	24884			
	24888			
	24890			
	24891			
	24895			
	24896			
	24897			
	24899			
	24901			
	24905			
	24908			
	24909			
	24914			
	24918			
	24919			
	24920			
	24921			
	24922			
	24923			
	24925			
	24926			
	24927			
	24931			
	24932			
	24933			
	24934			
	24935			
	24937			
	24939			
	24941			
	24942			
	24944			
	24945			
	24946			
	24947			
	24948			
	24950			
	24953			
	24957			
	24962			
	24967			
	24969			
	24971			
	24972			
	24974			
	24975			
	24977			
	24978			
	24980			
	24981			
	24986			
	24987			
	24989			
	24990			
	24992			
	24993			
	24998			
	24999			
	25001			
	25002			
	25003			
	25004			
	25005			
	25006			
	25014			
	25015			
	25017			
	25018			
	25019			
	25021			
	25023			
	25024			
	25025			
	25028			
	25030			
	25032			
	25034			
	25035			
	25036			
	25037			
	25038			
	25039			
	25041			
	25045			
	25052			
	25058			
	25060			
	25061			
	25062			
	25065			
	25070			
	25073			
	25076			
	25078			
	25082			
	25083			
	25088			
	25090			
	25091			
	25095			
	25097			
	25099			
	25100			
	25103			
	25104			
	25106			
	25107			
	25111			
	25113			
	25114			
	25115			
	25118			
	25121			
	25122			
	25123			
	25124			
	25125			
	25126			
	25128			
	25129			
	25130			
	25131			
	25132			
	25133			
	25135			
	25136			
	25137			
	25138			
	25139			
	25140			
	25141			
	25142			
	25143			
	25144			
	25146			
	25149			
	25150			
	25151			
	25153			
	25154			
	25155			
	25156			
	25157			
	25158			
	25159			
	25160			
	25161			
	25163			
	25165			
	25166			
	25168			
	25170			
	25172			
	25173			
	25175			
	25176			
	25177			
	25178			
	25179			
	25181			
	25182			
	25183			
	25185			
	25186			
	25187			
	25189			
	25190			
	25192			
	25193			
	25195			
	25197			
	25201			
	25202			
	25203			
	25204			
	25205			
	25207			
	25208			
	25212			
	25214			
	25216			
	25217			
	25218			
	25222			
	25224			
	25226			
	25229			
	25231			
	25232			
	25234			
	25235			
	25237			
	25238			
	25240			
	25241			
	25242			
	25244			
	25245			
	25248			
	25249			
	25251			
	25253			
	25254			
	25256			
	25257			
	25258			
	25259			
	25262			
	25265			
	25267			
	25269			
	25270			
	25274			
	25275			
	25276			
	25279			
	25282			
	25283			
	25284			
	25285			
	25289			
	25290			
	25291			
	25297			
	25298			
	25299			
	25300			
	25301			
	25303			
	25304			
	25305			
	25306			
	25307			
	25308			
	25309			
	25311			
	25313			
	25318			
	25319			
	25321			
	25322			
	25325			
	25326			
	25327			
	25328			
	25330			
	25331			
	25332			
	25333			
	25335			
	25337			
	25338			
	25339			
	25343			
	25344			
	25346			
	25349			
	25350			
	25351			
	25352			
	25353			
	25355			
	25356			
	25359			
	25361			
	25365			
	25366			
	25370			
	25372			
	25374			
	25375			
	25376			
	25377			
	25378			
	25382			
	25388			
	25390			
	25391			
	25392			
	25393			
	25394			
	25399			
	25402			
	25403			
	25405			
	25406			
	25408			
	25409			
	25411			
	25413			
	25422			
	25423			
	25424			
	25426			
	25429			
	25431			
	25433			
	25434			
	25437			
	25441			
	25442			
	25450			
	25452			
	25453			
	25455			
	25456			
	25461			
	25464			
	25472			
	25475			
	25477			
	25483			
	25487			
	25488			
	25490			
	25491			
	25492			
	25494			
	25496			
	25498			
	25499			
	25502			
	25506			
	25510			
	25512			
	25517			
	25523			
	25529			
	25530			
	25531			
	25532			
	25533			
	25534			
	25538			
	25550			
	25551			
	25553			
	25554			
	25555			
	25557			
	25558			
	25559			
	25560			
	25561			
	25562			
	25564			
	25568			
	25570			
	25572			
	25580			
	25581			
	25583			
	25585			
	25587			
	25590			
	25591			
	25592			
	25593			
	25594			
	25597			
	25599			
	25600			
	25601			
	25603			
	25604			
	25605			
	25609			
	25610			
	25611			
	25612			
	25615			
	25617			
	25618			
	25619			
	25620			
	25623			
	25624			
	25628			
	25630			
	25631			
	25633			
	25634			
	25639			
	25644			
	25646			
	25647			
	25649			
	25650			
	25654			
	25662			
	25666			
	25667			
	25668			
	25670			
	25672			
	25673			
	25674			
	25675			
	25679			
	25681			
	25682			
	25683			
	25685			
	25686			
	25687			
	25688			
	25690			
	25693			
	25697			
	25698			
	25699			
	25701			
	25703			
	25704			
	25705			
	25710			
	25711			
	25712			
	25714			
	25715			
	25716			
	25718			
	25721			
	25726			
	25728			
	25729			
	25730			
	25732			
	25734			
	25735			
	25736			
	25737			
	25739			
	25740			
	25752			
	25758			
	25760			
	25761			
	25763			
	25766			
	25767			
	25772			
	25773			
	25774			
	25775			
	25779			
	25780			
	25782			
	25783			
	25787			
	25790			
	25793			
	25796			
	25800			
	25803			
	25804			
	25805			
	25809			
	25812			
	25817			
	25820			
	25822			
	25823			
	25824			
	25826			
	25830			
	25833			
	25841			
	25842			
	25844			
	25845			
	25846			
	25850			
	25853			
	25855			
	25857			
	25859			
	25861			
	25862			
	25863			
	25865			
	25868			
	25872			
	25874			
	25875			
	25877			
	25884			
	25892			
	25897			
	25898			
	25901			
	25902			
	25903			
	25905			
	25910			
	25911			
	25912			
	25913			
	25914			
	25915			
	25916			
	25917			
	25918			
	25923			
	25924			
	25925			
	25926			
	25927			
	25928			
	25929			
	25930			
	25933			
	25934			
	25935			
	25936			
	25938			
	25939			
	25940			
	25942			
	25943			
	25944			
	25946			
	25948			
	25949			
	25950			
	25951			
	25954			
	25955			
	25956			
	25957			
	25960			
	25963			
	25965			
	25966			
	25967			
	25969			
	25971			
	25972			
	25973			
	25974			
	25976			
	25983			
	25987			
	25988			
	25989			
	25997			
	25998			
	26000			
	26007			
	26008			
	26012			
	26018			
	26019			
	26021			
	26024			
	26029			
	26032			
	26033			
	26035			
	26038			
	26040			
	26041			
	26046			
	26048			
	26049			
	26050			
	26054			
	26055			
	26058			
	26060			
	26061			
	26066			
	26067			
	26068			
	26069			
	26071			
	26073			
	26074			
	26075			
	26076			
	26077			
	26078			
	26079			
	26081			
	26082			
	26085			
	26088			
	26089			
	26091			
	26092			
	26093			
	26099			
	26109			
	26115			
	26117			
	26121			
	26124			
	26125			
	26129			
	26130			
	26133			
	26134			
	26135			
	26137			
	26138			
	26141			
	26144			
	26145			
	26149			
	26151			
	26155			
	26156			
	26159			
	26161			
	26162			
	26164			
	26167			
	26168			
	26174			
	26179			
	26186			
	26188			
	26189			
	26190			
	26191			
	26192			
	26198			
	26199			
	26200			
	26201			
	26203			
	26204			
	26205			
	26206			
	26207			
	26208			
	26210			
	26211			
	26212			
	26213			
	26214			
	26215			
	26217			
	26220			
	26221			
	26223			
	26224			
	26225			
	26226			
	26227			
	26228			
	26229			
	26230			
	26232			
	26233			
	26234			
	26238			
	26240			
	26244			
	26332			
	26337			
	26339			
	26346			
	26347			
	26350			
	26353			
	26354			
	26356			
	26357			
	26358			
	26359			
	26360			
	26361			
	26362			
	26364			
	26366			
	26367			
	26368			
	26369			
	26370			
	26372			
	26373			
	26374			
	26375			
	26376			
	26378			
	26379			
	26380			
	26381			
	26382			
	26383			
	26385			
	26388			
	26390			
	26392			
	26394			
	26395			
	26396			
	26397			
	26399			
	26401			
	26402			
	26403			
	26408			
	26412			
	26413			
	26415			
	26417			
	26418			
	26420			
	26422			
	26425			
	26427			
	26429			
	26430			
	26434			
	26436			
	26437			
	26439			
	26441			
	26442			
	26443			
	26444			
	26445			
	26446			
	26447			
	26448			
	26449			
	26450			
	26451			
	26452			
	26454			
	26455			
	26456			
	26457			
	26458			
	26460			
	26463			
	26464			
	26465			
	26467			
	26470			
	26471			
	26472			
	26473			
	26474			
	26478			
	26479			
	26480			
	26481			
	26482			
	26483			
	26484			
	26485			
	26486			
	26490			
	26498			
	26499			
	26501			
	26503			
	26504			
	26505			
	26506			
	26508			
	26509			
	26510			
	26511			
	26512			
	26520			
	26521			
	26523			
	26525			
	26526			
	26527			
	26528			
	26529			
	26530			
	26531			
	26533			
	26534			
	26535			
	26538			
	26539			
	26542			
	26543			
	26544			
	26545			
	26547			
	26548			
	26549			
	26552			
	26554			
	26556			
	26557			
	26558			
	26560			
	26561			
	26562			
	26563			
	26565			
	26567			
	26568			
	26569			
	26571			
	26572			
	26573			
	26579			
	26581			
	26582			
	26583			
	26584			
	26585			
	26586			
	26588			
	26589			
	26590			
	26591			
	26594			
	26595			
	26596			
	26597			
	26598			
	26599			
	26601			
	26602			
	26603			
	26604			
	26605			
	26606			
	26607			
	26608			
	26609			
	26611			
	26614			
	26617			
	26624			
	26630			
	26638			
	26639			
	26640			
	26641			
	26642			
	26643			
	26644			
	26645			
	26646			
	26647			
	26648			
	26649			
	26650			
	26651			
	26655			
	26656			
	26660			
	26661			
	26662			
	26663			
	26665			
	26666			
	26667			
	26668			
	26669			
	26670			
	26671			
	26672			
	26673			
	26674			
	26675			
	26676			
	26677			
	26678			
	26679			
	26680			
	26682			
	26683			
	26684			
	26685			
	26686			
	26687			
	26688			
	26689			
	26690			
	26691			
	26692			
	26693			
	26694			
	26695			
	26697			
	26698			
	26699			
	26700			
	26701			
	26702			
	26703			
	26704			
	26705			
	26706			
	26707			
	26708			
	26709			
	26710			
	26711			
	26712			
	26713			
	26714			
	26715			
	26717			
	26718			
	26719			
	26720			
	26721			
	26722			
	26723			
	26724			
	26725			
	26727			
	26728			
	26729			
	26730			
	26731			
	26732			
	26733			
	26734			
	26735			
	26736			
	26737			
	26738			
	26739			
	26740			
	26741			
	26742			
	26744			
	26745			
	26746			
	26748			
	26749			
	26750			
	26751			
	26752			
	26753			
	26754			
	26755			
	26756			
	26757			
	26758			
	26759			
	26760			
	26762			
	26763			
	26765			
	26766			
	26767			
	26768			
	26769			
	26771			
	26772			
	26773			
	26774			
	26775			
	26777			
	26778			
	26779			
	26780			
	26781			
	26782			
	26783			
	26784			
	26785			
	26786			
	26790			
	26791			
	26792			
	26800			
	26801			
	26802			
	26803			
	26805			
	26806			
	26808			
	26809			
	26810			
	26811			
	26813			
	26814			
	26816			
	26817			
	26818			
	26819			
	26820			
	26822			
	26823			
	26824			
	26826			
	26830			
	26834			
	26835			
	26836			
	26838			
	26841			
	26842			
	26844			
	26846			
	26847			
	26850			
	26851			
	26853			
	26854			
	26858			
	26859			
	26860			
	26861			
	26864			
	26865			
	26866			
	26868			
	26870			
	26871			
	26872			
	26873			
	26875			
	26876			
	26877			
	26878			
	26880			
	26881			
	26887			
	26888			
	26889			
	26891			
	26892			
	26893			
	26894			
	26896			
	26901			
	26903			
	26904			
	26909			
	26910			
	26911			
	26913			
	26914			
	26915			
	26916			
	26918			
	26919			
	26920			
	26921			
	26922			
	26925			
	26926			
	26927			
	26930			
	26931			
	26932			
	26933			
	26936			
	26937			
	26938			
	26939			
	26940			
	26941			
	26942			
	26943			
	26944			
	26945			
	26946			
	26948			
	26957			
	26958			
	26960			
	26964			
	26965			
	26966			
	26967			
	26968			
	26972			
	26973			
	26974			
	26977			
	26979			
	26981			
	26982			
	26983			
	26984			
	26985			
	26987			
	26988			
	26990			
	26991			
	26992			
	26994			
	26998			
	26999			
	27003			
	27004			
	27008			
	27015			
	27017			
	27019			
	27020			
	27027			
	27028			
	27029			
	27030			
	27031			
	27032			
	27034			
	27037			
	27038			
	27040			
	27042			
	27043			
	27045			
	27046			
	27048			
	27049			
	27054			
	27055			
	27056			
	27057			
	27059			
	27061			
	27062			
	27063			
	27065			
	27066			
	27067			
	27068			
	27069			
	27071			
	27072			
	27073			
	27074			
	27075			
	27076			
	27078			
	27079			
	27081			
	27082			
	27083			
	27085			
	27086			
	27087			
	27088			
	27089			
	27090			
	27091			
	27092			
	27093			
	27094			
	27095			
	27096			
	27097			
	27098			
	27099			
	27100			
	27101			
	27102			
	27103			
	27105			
	27107			
	27109			
	27110			
	27112			
	27118			
	27120			
	27121			
	27126			
	27128			
	27130			
	27133			
	27134			
	27135			
	27137			
	27140			
	27141			
	27142			
	27143			
	27145			
	27146			
	27147			
	27148			
	27149			
	27150			
	27154			
	27157			
	27159			
	27160			
	27163			
	27164			
	27165			
	27167			
	27169			
	27170			
	27171			
	27172			
	27175			
	27176			
	27178			
	27179			
	27180			
	27181			
	27184			
	27186			
	27187			
	27188			
	27189			
	27190			
	27192			
	27193			
	27194			
	27195			
	27196			
	27207			
	27210			
	27211			
	27212			
	27213			
	27214			
	27216			
	27217			
	27218			
	27219			
	27220			
	27221			
	27223			
	27227			
	27228			
	27229			
	27231			
	27232			
	27233			
	27234			
	27235			
	27236			
	27237			
	27239			
	27248			
	27250			
	27251			
	27254			
	27255			
	27263			
	27266			
	27271			
	27273			
	27274			
	27278			
	27280			
	27281			
	27286			
	27287			
	27288			
	27291			
	27292			
	27293			
	27294			
	27295			
	27296			
	27297			
	27298			
	27299			
	27300			
	27303			
	27304			
	27305			
	27310			
	27311			
	27316			
	27317			
	27318			
	27319			
	27321			
	27322			
	27325			
	27327			
	27329			
	27330			
	27331			
	27335			
	27336			
	27339			
	27340			
	27341			
	27342			
	27343			
	27344			
	27346			
	27348			
	27349			
	27353			
	27354			
	27359			
	27360			
	27361			
	27363			
	27364			
	27365			
	27367			
	27370			
	27371			
	27376			
	27382			
	27383			
	27386			
	27388			
	27389			
	27390			
	27391			
	27392			
	27395			
	27401			
	27408			
	27409			
	27410			
	27411			
	27412			
	27415			
	27416			
	27418			
	27420			
	27421			
	27422			
	27424			
	27425			
	27426			
	27427			
	27430			
	27431			
	27432			
	27435			
	27436			
	27437			
	27438			
	27439			
	27440			
	27442			
	27443			
	27444			
	27445			
	27449			
	27450			
	27451			
	27452			
	27453			
	27454			
	27455			
	27456			
	27457			
	27458			
	27459			
	27461			
	27462			
	27463			
	27464			
	27465			
	27466			
	27467			
	27468			
	27470			
	27471			
	27472			
	27473			
	27474			
	27475			
	27476			
	27477			
	27478			
	27480			
	27481			
	27482			
	27483			
	27484			
	27487			
	27489			
	27490			
	27491			
	27521			
	27522			
	27523			
	27524			
	27529			
	27531			
	27540			
	27541			
	27542			
	27544			
	27545			
	27546			
	27548			
	27550			
	27552			
	27553			
	27554			
	27555			
	27558			
	27559			
	27561			
	27562			
	27563			
	27564			
	27569			
	27573			
	27574			
	27575			
	27577			
	27581			
	27594			
	27597			
	27598			
	27599			
	27602			
	27604			
	27607			
	27608			
	27613			
	27615			
	27618			
	27620			
	27630			
	27634			
	27639			
	27640			
	27645			
	27662			
	27671			
	27672			
	27675			
	27676			
	27679			
	27682			
	27683			
	27687			
	27689			
	27691			
	27693			
	27697			
	27699			
	27703			
	27704			
	27706			
	27707			
	27719			
	27726			
	27728			
	27730			
	27731			
	27732			
	27738			
	27739			
	27750			
	27751			
	27752			
	27754			
	27755			
	27756			
	27757			
	27758			
	27760			
	27765			
	27767			
	27770			
	27772			
	27773			
	27774			
	27780			
	27781			
	27783			
	27784			
	27785			
	27786			
	27789			
	27791			
	27792			
	27793			
	27794			
	27797			
	27801			
	27802			
	27803			
	27804			
	27807			
	27808			
	27809			
	27811			
	27812			
	27816			
	27817			
	27819			
	27821			
	27823			
	27824			
	27829			
	27835			
	27841			
	27842			
	27845			
	27846			
	27847			
	27848			
	27849			
	27850			
	27851			
	27853			
	27854			
	27859			
	27860			
	27861			
	27864			
	27866			
	27875			
	27879			
	27881			
	27884			
	27886			
	27894			
	27898			
	27900			
	27904			
	27905			
	27909			
	27914			
	27916			
	27917			
	27921			
	27923			
	27926			
	27928			
	27930			
	27936			
	27937			
	27945			
	27946			
	27954			
	27956			
	27957			
	27960			
	27961			
	27962			
	27963			
	27964			
	27965			
	27967			
	27968			
	27971			
	27972			
	27974			
	27976			
	27979			
	27981			
	27985			
	27986			
	27987			
	27990			
	27993			
	27994			
	27995			
	27996			
	27998			
	27999			
	28000			
	28002			
	28003			
	28004			
	28005			
	28006			
	28007			
	28010			
	28015			
	28018			
	28020			
	28024			
	28027			
	28031			
	28035			
	28036			
	28038			
	28040			
	28041			
	28042			
	28043			
	28051			
	28052			
	28054			
	28056			
	28059			
	28060			
	28063			
	28070			
	28072			
	28085			
	28087			
	28088			
	28090			
	28091			
	28093			
	28094			
	28096			
	28097			
	28099			
	28100			
	28101			
	28103			
	28105			
	28107			
	28108			
	28112			
	28113			
	28114			
	28115			
	28116			
	28117			
	28120			
	28121			
	28123			
	28124			
	28126			
	28127			
	28128			
	28130			
	28132			
	28133			
	28135			
	28140			
	28148			
	28149			
	28151			
	28152			
	28153			
	28157			
	28158			
	28160			
	28163			
	28164			
	28165			
	28166			
	28169			
	28186			
	28187			
	28190			
	28192			
	28194			
	28195			
	28197			
	28199			
	28200			
	28201			
	28203			
	28204			
	28205			
	28206			
	28207			
	28208			
	28209			
	28210			
	28217			
	28221			
	28222			
	28224			
	28225			
	28238			
	28239			
	28241			
	28243			
	28246			
	28247			
	28249			
	28251			
	28253			
	28254			
	28257			
	28259			
	28261			
	28262			
	28263			
	28266			
	28273			
	28274			
	28275			
	28276			
	28277			
	28283			
	28284			
	28285			
	28287			
	28288			
	28289			
	28291			
	28295			
	28296			
	28298			
	28300			
	28302			
	28305			
	28308			
	28312			
	28314			
	28318			
	28321			
	28323			
	28325			
	28327			
	28333			
	28334			
	28336			
	28342			
	28343			
	28344			
	28346			
	28347			
	28349			
	28362			
	28373			
	28374			
	28378			
	28379			
	28381			
	28386			
	28395			
	28396			
	28400			
	28402			
	28403			
	28405			
	28408			
	28410			
	28411			
	28414			
	28416			
	28426			
	28432			
	28438			
	28447			
	28448			
	28456			
	28457			
	28460			
	28467			
	28469			
	28470			
	28480			
	28494			
	28516			
	28527			
	28530			
	28531			
	28535			
	28537			
	28540			
	28542			
	28547			
	28549			
	28552			
	28553			
	28555			
	28556			
	28562			
	28563			
	28564			
	28565			
	28566			
	28567			
	28569			
	28570			
	28572			
	28573			
	28584			
	28585			
	28587			
	28588			
	28590			
	28591			
	28597			
	28617			
	28618			
	28637			
	28638			
	28640			
	28642			
	28643			
	28647			
	28648			
	28650			
	28655			
	28660			
	28662			
	28663			
	28665			
	28669			
	28670			
	28673			
	28675			
	28683			
	28684			
	28686			
	28687			
	28688			
	28689			
	28698			
	28702			
	28706			
	28708			
	28718			
	28719			
	28721			
	28724			
	28725			
	28729			
	28732			
	28736			
	28737			
	28742			
	28743			
	28745			
	28746			
	28755			
	28757			
	28761			
	28763			
	28769			
	28786			
	28791			
	28793			
	28803			
	28807			
	28813			
	28816			
	28820			
	28822			
	28843			
	28850			
	28874			
	28875			
	28880			
	28882			
	28885			
	28887			
	28893			
	28894			
	28896			
	28898			
	28900			
	28901			
	28904			
	28914			
	28917			
	28925			
	28928			
	28941			
	28942			
	28946			
	28952			
	28957			
	28959			
	28967			
	28969			
	28970			
	28974			
	28975			
	28984			
	28986			
	29019			
	29057			
	29071			
	29072			
	29079			
	29082			
	29085			
	29108			
	29118			
	29140			
	29168			
	29203			
	29206			
	(en blanco)			
	Total general			
